{
    "loss": 1.6001713275909424,
    "accuracy": 0.8345323801040649
}